Workbook

Sheet Method
A1: DroneAid — Wideband Delphi Backlog Estimation
A3: Estimation scale: modified Fibonacci story points (1, 2, 3, 5, 8, 13).
A4: One story point ≈ 0.25 person-days of focused work.
A6: Process applied:
A7: 1. Backlog items derived from the design spec acceptance criteria.
A8: 2. Five estimators (Aok, Belle, Bew, Poom, Tawan) independently estimate each item without seeing others' values.
A9: 3. Round 1: open submissions. Coordinator (Aok) computes spread (min / median / max / range).
A10: 4. Items with range > 2 Fibonacci steps go to discussion.
A11: 5. Round 2: estimators re-submit after hearing rationale for outliers.
A12: 6. Round 3: final convergence pass.
A13: 7. Consensus = median of Round 3 values, rounded to nearest Fibonacci step.
A15: Convergence is visible in the Backlog sheet: spread column shrinks across R1 → R2 → R3.
... A23: E5 = Tawan (Fleet Domain)

Sheet Backlog
A1: ID | B1: Epic | C1: User Story / Task | D1: Acceptance Criteria | E1: Owner | F1: Priority | G1: Sprint | H1: Round 1 — E1..E5 | M1: R1 Min | N1: R1 Median | O1: R1 Max | P1: R1 Range | Q1: Round 2 — E1..E5 | V1: R2 Min | W1: R2 Median | X1: R2 Max | Y1: R2 Range | Z1: Round 3 — E1..E5 | AE1: R3 Min | AF1: R3 Median | AG1: R3 Max | AH1: R3 Range | AI1: Consensus (SP) | AJ1: Notes
H2: Aok | I2: Belle | J2: Bew | K2: Poom | L2: Tawan | M2: Min | N2: Median | O2: Max | P2: Range | Q2: Aok | R2: Belle | S2: Bew | T2: Poom | U2: Tawan | V2: Min | W2: Median | X2: Max | Y2: Range | Z2: Aok | AA2: Belle | AB2: Bew | AC2: Poom | AD2: Tawan | AE2: Min | AF2: Median | AG2: Max | AH2: Range
A3: US-01 | B3: Identity | C3: Register with Thai national ID + password | D3: Form validates 13-digit ID + checksum; creates Firebase Auth user with synthetic email; users doc auto-provisioned with role=user. | E3: Belle | F3: Must | G3: 1 | H3: 5 | I3: 3 | J3: 5 | K3: 5 | L3: 8 | M3: =MIN(H3:L3) | N3: =MEDIAN(H3:L3) | O3: =MAX(H3:L3) | P3: =O3-M3 | Q3: 5 | R3: 5 | S3: 5 | T3: 5 | U3: 5 | V3: =MIN(Q3:U3) | W3: =MEDIAN(Q3:U3) | X3: =MAX(Q3:U3) | Y3: =X3-V3 | Z3: 5 | AA3: 5 | AB3: 5 | AC3: 5 | AD3: 5 | AE3: =MIN(Z3:AD3) | AF3: =MEDIAN(Z3:AD3) | AG3: =MAX(Z3:AD3) | AH3: =AG3-AE3 | AI3: =AF3
A4: US-02 | B4: Identity | C4: Login + logout | D4: User logs in with ID + password; logout removes FCM token from users doc. | E4: Belle | F4: Must | G4: 1 | H4: 2 | I4: 3 | J4: 2 | K4: 2 | L4: 3 | M4: =MIN(H4:L4) | N4: =MEDIAN(H4:L4) | O4: =MAX(H4:L4) | P4: =O4-M4 | Q4: 2 | R4: 2 | S4: 2 | T4: 2 | U4: 3 | V4: =MIN(Q4:U4) | W4: =MEDIAN(Q4:U4) | X4: =MAX(Q4:U4) | Y4: =X4-V4 | Z4: 2 | AA4: 2 | AB4: 2 | AC4: 2 | AD4: 2 | AE4: =MIN(Z4:AD4) | AF4: =MEDIAN(Z4:AD4) | AG4: =MAX(Z4:AD4) | AH4: =AG4-AE4 | AI4: =AF4
A5: US-03 | B5: Identity | C5: Profile + Settings | D5: User edits name, phone, delivery pin, language preference; data persisted to users doc. | E5: Belle | F5: Should | G5: 2 | H5: 3 | I5: 5 | J5: 3 | K5: 3 | L5: 5 | M5: =MIN(H5:L5) | N5: =MEDIAN(H5:L5) | O5: =MAX(H5:L5) | P5: =O5-M5 | Q5: 3 | R5: 3 | S5: 3 | T5: 5 | U5: 3 | V5: =MIN(Q5:U5) | W5: =MEDIAN(Q5:U5) | X5: =MAX(Q5:U5) | Y5: =X5-V5 | Z5: 3 | AA5: 3 | AB5: 3 | AC5: 3 | AD5: 3 | AE5: =MIN(Z5:AD5) | AF5: =MEDIAN(Z5:AD5) | AG5: =MAX(Z5:AD5) | AH5: =AG5-AE5 | AI5: =AF5
A6: US-04 | B6: Identity | C6: Thai ID validator + unit tests | D6: Pure-Dart + TS implementations sharing tests; rejects bad checksums. | E6: Belle | F6: Must | G6: 1 | H6: 2 | I6: 3 | J6: 2 | K6: 3 | L6: 2 | M6: =MIN(H6:L6) | N6: =MEDIAN(H6:L6) | O6: =MAX(H6:L6) | P6: =O6-M6 | Q6: 2 | R6: 2 | S6: 2 | T6: 3 | U6: 2 | V6: =MIN(Q6:U6) | W6: =MEDIAN(Q6:U6) | X6: =MAX(Q6:U6) | Y6: =X6-V6 | Z6: 2 | AA6: 2 | AB6: 2 | AC6: 2 | AD6: 2 | AE6: =MIN(Z6:AD6) | AF6: =MEDIAN(Z6:AD6) | AG6: =MAX(Z6:AD6) | AH6: =AG6-AE6 | AI6: =AF6
A7: US-05 | B7: Catalog | C7: Catalog browse + cart | D7: User filters active+in-stock items, adds to cart with quantity, sees running weight total. | E7: Bew | F7: Must | G7: 1 | H7: 3 | I7: 5 | J7: 3 | K7: 5 | L7: 3 | M7: =MIN(H7:L7) | N7: =MEDIAN(H7:L7) | O7: =MAX(H7:L7) | P7: =O7-M7 | Q7: 3 | R7: 3 | S7: 5 | T7: 3 | U7: 3 | V7: =MIN(Q7:U7) | W7: =MEDIAN(Q7:U7) | X7: =MAX(Q7:U7) | Y7: =X7-V7 | Z7: 3 | AA7: 3 | AB7: 3 | AC7: 3 | AD7: 3 | AE7: =MIN(Z7:AD7) | AF7: =MEDIAN(Z7:AD7) | AG7: =MAX(Z7:AD7) | AH7: =AG7-AE7 | AI7: =AF7
A8: US-06 | B8: Catalog | C8: Delivery pin picker on map | D8: User drops/edits a GPS pin; defaults to profile address. | E8: Bew | F8: Must | G8: 1 | H8: 3 | I8: 2 | J8: 3 | K8: 5 | L8: 3 | M8: =MIN(H8:L8) | N8: =MEDIAN(H8:L8) | O8: =MAX(H8:L8) | P8: =O8-M8 | Q8: 3 | R8: 3 | S8: 3 | T8: 3 | U8: 3 | V8: =MIN(Q8:U8) | W8: =MEDIAN(Q8:U8) | X8: =MAX(Q8:U8) | Y8: =X8-V8 | Z8: 3 | AA8: 3 | AB8: 3 | AC8: 3 | AD8: 3 | AE8: =MIN(Z8:AD8) | AF8: =MEDIAN(Z8:AD8) | AG8: =MAX(Z8:AD8) | AH8: =AG8-AE8 | AI8: =AF8
A9: US-07 | B9: Request | C9: Submit request | D9: Calls submitRequest callable; client+server validate weight ≤ max payload and stock available. | E9: Bew | F9: Must | G9: 1 | H9: 3 | I9: 5 | J9: 3 | K9: 3 | L9: 5 | M9: =MIN(H9:L9) | N9: =MEDIAN(H9:L9) | O9: =MAX(H9:L9) | P9: =O9-M9 | Q9: 3 | R9: 3 | S9: 3 | T9: 5 | U9: 3 | V9: =MIN(Q9:U9) | W9: =MEDIAN(Q9:U9) | X9: =MAX(Q9:U9) | Y9: =X9-V9 | Z9: 3 | AA9: 3 | AB9: 3 | AC9: 3 | AD9: 3 | AE9: =MIN(Z9:AD9) | AF9: =MEDIAN(Z9:AD9) | AG9: =MAX(Z9:AD9) | AH9: =AG9-AE9 | AI9: =AF9
A10: US-08 | B10: Request | C10: Queue page (live status) | D10: Streams requests where userId == me; shows status chip + ETA when in flight. | E10: Bew | F10: Must | G10: 1 | H10: 3 | I10: 3 | J10: 3 | K10: 5 | L10: 3 | M10: =MIN(H10:L10) | N10: =MEDIAN(H10:L10) | O10: =MAX(H10:L10) | P10: =O10-M10 | Q10: 3 | R10: 3 | S10: 3 | T10: 3 | U10: 3 | V10: =MIN(Q10:U10) | W10: =MEDIAN(Q10:U10) | X10: =MAX(Q10:U10) | Y10: =X10-V10 | Z10: 3 | AA10: 3 | AB10: 3 | AC10: 3 | AD10: 3 | AE10: =MIN(Z10:AD10) | AF10: =MEDIAN(Z10:AD10) | AG10: =MAX(Z10:AD10) | AH10: =AG10-AE10 | AI10: =AF10
A11: US-09 | B11: Request | C11: History page | D11: Lists completed / failed / cancelled requests, newest first, with timestamp. | E11: Bew | F11: Should | G11: 2 | H11: 2 | I11: 2 | J11: 2 | K11: 3 | L11: 2 | M11: =MIN(H11:L11) | N11: =MEDIAN(H11:L11) | O11: =MAX(H11:L11) | P11: =O11-M11 | Q11: 2 | R11: 2 | S11: 2 | T11: 2 | U11: 2 | V11: =MIN(Q11:U11) | W11: =MEDIAN(Q11:U11) | X11: =MAX(Q11:U11) | Y11: =X11-V11 | Z11: 2 | AA11: 2 | AB11: 2 | AC11: 2 | AD11: 2 | AE11: =MIN(Z11:AD11) | AF11: =MEDIAN(Z11:AD11) | AG11: =MAX(Z11:AD11) | AH11: =AG11-AE11 | AI11: =AF11
A12: US-10 | B12: Request | C12: Admin Requests list with filters | D12: Admin sees all requests; filters by status + priority; live updates. | E12: Bew | F12: Must | G12: 1 | H12: 3 | I12: 3 | J12: 3 | K12: 5 | L12: 3 | M12: =MIN(H12:L12) | N12: =MEDIAN(H12:L12) | O12: =MAX(H12:L12) | P12: =O12-M12 | Q12: 3 | R12: 3 | S12: 3 | T12: 3 | U12: 3 | V12: =MIN(Q12:U12) | W12: =MEDIAN(Q12:U12) | X12: =MAX(Q12:U12) | Y12: =X12-V12 | Z12: 3 | AA12: 3 | AB12: 3 | AC12: 3 | AD12: 3 | AE12: =MIN(Z12:AD12) | AF12: =MEDIAN(Z12:AD12) | AG12: =MAX(Z12:AD12) | AH12: =AG12-AE12 | AI12: =AF12
A13: US-11 | B13: Request | C13: Admin Request Manage: approve/reject + drone picker | D13: Admin views user profile + items; approves (stock decrement) or rejects with reason; drone picker filtered by payload + range. | E13: Bew | F13: Must | G13: 1 | H13: 8 | I13: 5 | J13: 5 | K13: 5 | L13: 8 | M13: =MIN(H13:L13) | N13: =MEDIAN(H13:L13) | O13: =MAX(H13:L13) | P13: =O13-M13 | Q13: 5 | R13: 5 | S13: 5 | T13: 8 | U13: 5 | V13: =MIN(Q13:U13) | W13: =MEDIAN(Q13:U13) | X13: =MAX(Q13:U13) | Y13: =X13-V13 | Z13: 5 | AA13: 5 | AB13: 5 | AC13: 5 | AD13: 5 | AE13: =MIN(Z13:AD13) | AF13: =MEDIAN(Z13:AD13) | AG13: =MAX(Z13:AD13) | AH13: =AG13-AE13 | AI13: =AF13
A14: US-12 | B14: Catalog | C14: Admin Inventory + restock | D14: Admin sees per-item stock; restocks via callable; deactivates items. | E14: Bew | F14: Should | G14: 2 | H14: 3 | I14: 3 | J14: 3 | K14: 5 | L14: 3 | M14: =MIN(H14:L14) | N14: =MEDIAN(H14:L14) | O14: =MAX(H14:L14) | P14: =O14-M14 | Q14: 3 | R14: 3 | S14: 3 | T14: 3 | U14: 3 | V14: =MIN(Q14:U14) | W14: =MEDIAN(Q14:U14) | X14: =MAX(Q14:U14) | Y14: =X14-V14 | Z14: 3 | AA14: 3 | AB14: 3 | AC14: 3 | AD14: 3 | AE14: =MIN(Z14:AD14) | AF14: =MEDIAN(Z14:AD14) | AG14: =MAX(Z14:AD14) | AH14: =AG14-AE14 | AI14: =AF14
... A38: US-36 | B38: Quality | C38: Integration day + bug bash + demo prep | D38: Full happy-path + failure-path test on real Firebase project; seed demo data; record screencast. | E38: All | F38: Must | G38: 2 | H38: 5 | I38: 8 | J38: 5 | K38: 5 | L38: 8 | M38: =MIN(H38:L38) | N38: =MEDIAN(H38:L38) | O38: =MAX(H38:L38) | P38: =O38-M38 | Q38: 5 | R38: 5 | S38: 5 | T38: 8 | U38: 5 | V38: =MIN(Q38:U38) | W38: =MEDIAN(Q38:U38) | X38: =MAX(Q38:U38) | Y38: =X38-V38 | Z38: 5 | AA38: 5 | AB38: 5 | AC38: 5 | AD38: 5 | AE38: =MIN(Z38:AD38) | AF38: =MEDIAN(Z38:AD38) | AG38: =MAX(Z38:AD38) | AH38: =AG38-AE38 | AI38: =AF38
A39: TOTAL | AI39: =SUM(AI3:AI38)

Sheet Summary by Epic
A1: Epic | B1: Items | C1: Consensus SP total | D1: Person-days est.
A2: Identity | B2: =COUNTIF(Backlog!B:B,A2) | C2: =SUMIF(Backlog!B:B,A2,Backlog!AI:AI) | D2: =C2*0.25
A3: Catalog | B3: =COUNTIF(Backlog!B:B,A3) | C3: =SUMIF(Backlog!B:B,A3,Backlog!AI:AI) | D3: =C3*0.25
A4: Request | B4: =COUNTIF(Backlog!B:B,A4) | C4: =SUMIF(Backlog!B:B,A4,Backlog!AI:AI) | D4: =C4*0.25
A5: Fleet | B5: =COUNTIF(Backlog!B:B,A5) | C5: =SUMIF(Backlog!B:B,A5,Backlog!AI:AI) | D5: =C5*0.25
A6: Tracking | B6: =COUNTIF(Backlog!B:B,A6) | C6: =SUMIF(Backlog!B:B,A6,Backlog!AI:AI) | D6: =C6*0.25
A7: Backend | B7: =COUNTIF(Backlog!B:B,A7) | C7: =SUMIF(Backlog!B:B,A7,Backlog!AI:AI) | D7: =C7*0.25
A8: DevOps | B8: =COUNTIF(Backlog!B:B,A8) | C8: =SUMIF(Backlog!B:B,A8,Backlog!AI:AI) | D8: =C8*0.25
A9: Audit | B9: =COUNTIF(Backlog!B:B,A9) | C9: =SUMIF(Backlog!B:B,A9,Backlog!AI:AI) | D9: =C9*0.25
A10: Quality | B10: =COUNTIF(Backlog!B:B,A10) | C10: =SUMIF(Backlog!B:B,A10,Backlog!AI:AI) | D10: =C10*0.25
A11: TOTAL | B11: =SUM(B2:B10) | C11: =SUM(C2:C10) | D11: =SUM(D2:D10)

Sheet Summary by Owner
A1: Owner | B1: Items | C1: Consensus SP | D1: Person-days | E1: Capacity (14d) | F1: Utilization
A2: Aok | B2: =COUNTIF(Backlog!E:E,A2) | C2: =SUMIF(Backlog!E:E,A2,Backlog!AI:AI) | D2: =C2*0.25 | E2: 14 | F2: =IF(E2=0,"-",D2/E2)
A3: Belle | B3: =COUNTIF(Backlog!E:E,A3) | C3: =SUMIF(Backlog!E:E,A3,Backlog!AI:AI) | D3: =C3*0.25 | E3: 14 | F3: =IF(E3=0,"-",D3/E3)
A4: Bew | B4: =COUNTIF(Backlog!E:E,A4) | C4: =SUMIF(Backlog!E:E,A4,Backlog!AI:AI) | D4: =C4*0.25 | E4: 14 | F4: =IF(E4=0,"-",D4/E4)
A5: Poom | B5: =COUNTIF(Backlog!E:E,A5) | C5: =SUMIF(Backlog!E:E,A5,Backlog!AI:AI) | D5: =C5*0.25 | E5: 14 | F5: =IF(E5=0,"-",D5/E5)
A6: Tawan | B6: =COUNTIF(Backlog!E:E,A6) | C6: =SUMIF(Backlog!E:E,A6,Backlog!AI:AI) | D6: =C6*0.25 | E6: 14 | F6: =IF(E6=0,"-",D6/E6)
A7: All | B7: =COUNTIF(Backlog!E:E,A7) | C7: =SUMIF(Backlog!E:E,A7,Backlog!AI:AI) | D7: =C7*0.25 | E7: 0 | F7: =IF(E7=0,"-",D7/E7)
